asset	estimated_return
SPY	0.018663143547765645
TSLA	0.025312903945547995
NFLX	0.055566962138243504
AAPL	0.014997155332856123
T	0.03055139335356262
META	0.044189822852719746
