asset	allocation
SPY	2.4435169870473402e-09
TSLA	2.926515758858378e-09
NFLX	0.9999999886735085
AAPL	2.2183577246645707e-09
T	3.3244723405084004e-09
META	4.136285700534778e-10
