asset	allocation
SPY	0.6482250241448644
TSLA	-4.364499256643416e-20
NFLX	-3.485385904880233e-20
AAPL	0.030735964016410478
T	0.32103901183872513
META	-8.065302468625235e-20
